﻿id;name;recipe_category;picture;portion_number;portion_unit;cook_counter;favorite;bookmark;last cooked;last_updated;inspired_by;description;tip
1;Quinoa-Blumenkohl-Kitchari;1;assets/images/recipes/quinoa-blumenkohl-kitchari.webp;3;Port.;0;0;0;;;https://nutritionfacts.org/book/how-not-to-die-cookbook/;Das ist ein sehr gutes Rezept. Man kann es kaum glauben, wie gut das ist.;Sehr hilfreiche Tips kann man dann hier lesen.
2;Okra-Kidneybohnen-Gumbo;1;assets/images/recipes/okra-kidneybohnen-gumbo.webp;3;Port.;0;0;0;;;;;
3;Brokkoli-Edamame-Pfanne mit Buchweizen;1;assets/images/recipes/brokkoli-edamame-pfanne_mit_buchweizen.webp;3;Port.;0;0;0;;;;;
4;Kichererbsen-Chili;1;assets/images/recipes/kichererbsen-chili.webp;3;Port.;0;0;0;;;;;
5;Blumenkohl-Linsen-Curry mit Rhababer;1;assets/images/recipes/blumenkohl-linsen-curry_mit_rhababer.webp;3;Port.;0;0;0;;;;;
6;Seitan-Gulasch mit Brechbohnen;1;assets/images/recipes/seitan-gulasch_mit_brechbohnen.webp;3;Port.;0;0;0;;;;;
7;Blumenkohl-Hack mit Lauch & Erbsen;1;assets/images/recipes/blumenkohl-hack_mit_lauch_&_erbsen.webp;3;Port.;0;0;0;;;;;
8;Blumenkohl-Süßkartoffel-Curry;1;assets/images/recipes/blumenkohl-suesskartoffel-curry.webp;3;Port.;0;0;0;;;;;
9;Brokkoli-Spinat-Linsencurry;1;assets/images/recipes/brokkoli-spinat-linsencurry.webp;3;Port.;0;0;0;;;;;
10;Chili-sin-carne mit Blumenkohl;1;assets/images/recipes/chili-sin-carne_mit_blumenkohl.webp;3;Port.;0;0;0;;;;;
11;goldener Hafer mit Brokkoli & schwarzen Bohnen;1;assets/images/recipes/goldener_hafer_mit_brokkoli_&_schwarzen_bohnen.webp;3;Port.;0;0;0;;;;;
12;Three-Bean Chili;1;assets/images/recipes/three-bean_chili.webp;3;Port.;0;0;0;;;;;
13;Kichererbsen-Bohnen-Gemüse-Tajine;1;assets/images/recipes/kichererbsen-bohnen-gemuese-tajine.webp;3;Port.;0;0;0;;;;;
14;Brokkoli-Pilz-Pfanne mit Linsen & Bulgur;1;assets/images/recipes/brokkoli-pilz-pfanne_mit_linsen_&_bulgur.webp;3;Port.;0;0;0;;;;;
15;Blumenkohl-Bananen-Curry;1;assets/images/recipes/blumenkohl-bananen-curry.webp;3;Port.;0;0;0;;;;;
16;Tomaten-Brokkoli-Pfanne mit Kichererbsen;1;assets/images/recipes/tomaten-brokkoli-pfanne_mit_kichererbsen.webp;3;Port.;0;0;0;;;;;
17;Soja-Pilz-Pfanne;1;assets/images/recipes/soja-pilz-pfanne.webp;3;Port.;0;0;0;;;;;
18;Blumenkohl-Tikka-Massala;1;assets/images/recipes/blumenkohl-tikka-massala.webp;3;Port.;0;0;0;;;;;
19;Brokkoli-Paprika-Curry-Pfanne;1;assets/images/recipes/brokkoli-paprika-curry-pfanne.webp;3;Port.;0;0;0;;;;;
20;gerösteter Blumenkohl mit Spinat & Bohnen;1;assets/images/recipes/geroesteter_blumenkohl_mit_spinat_&_bohnen.webp;3;Port.;0;0;0;;;;;
21;Linsen-Ratatouille mit Zucchini & Süßkartoffeln;1;assets/images/recipes/linsen-ratatouille_mit_zucchini_&_suesskartoffeln.webp;3;Port.;0;0;0;;;;;
22;Brokkoli-Blumenkohl-rote Beete Pfanne;1;assets/images/recipes/brokkoli-blumenkohl-rote_beete_pfanne.webp;3;Port.;0;0;0;;;;;
23;Kichererbsen-Blumenkohl-Scramble;1;assets/images/recipes/kichererbsen-blumenkohl-scramble.webp;3;Port.;0;0;0;;;;;
24;Zucchini-Paprika-Erbsen-Pfanne;1;assets/images/recipes/zucchini-paprika-erbsen-pfanne.webp;3;Port.;0;0;0;;;;;
25;Brokkoli-Möhren-Pfanne;1;assets/images/recipes/brokkoli-moehren-pfanne.webp;3;Port.;0;0;0;;;;;
26;Linsen-Blumenkohl-Süßkartoffel-Pfanne;1;assets/images/recipes/linsen-blumenkohl-suesskartoffel-pfanne.webp;3;Port.;0;0;0;;;;;
27;Gemüse-Pfanne mit goldener Gerste;1;assets/images/recipes/gemuese-pfanne_mit_goldener_gerste.webp;3;Port.;0;0;0;;;;;
28;Grünkohl-Blumenkohl-Pfanne;1;assets/images/recipes/gruenkohl-blumenkohl-pfanne.webp;3;Port.;0;0;0;;;;;
29;Chili con Kürbis;1;assets/images/recipes/chili_con_kuerbis.webp;3;Port.;0;0;0;;;;;
30;Bohnen-Apfel-Pilz-Pfanne;1;assets/images/recipes/bohnen-apfel-pilz-pfanne.webp;3;Port.;0;0;0;;;https://youtu.be/dYj-JOsm53s?si=3NU3sHbNqwxqgmnX;;
31;Kohl-Tomaten-Kichererbsen-Pfanne;1;assets/images/recipes/kohl-tomaten-kichererbsen-pfanne.webp;3;Port.;0;0;0;;;;;
32;Kürbis-Gemüse-Pfanne;1;assets/images/recipes/kuerbis-gemuese-pfanne.webp;3;Port.;0;0;0;;;;;
33;Linsen Dal mit gelber Beete;1;assets/images/recipes/linsen_dal_mit_gelber_beete.webp;3;Port.;0;0;0;;;;;
34;Butternut-Kürbis-Chili;1;assets/images/recipes/butternut-kuerbis-chili.webp;3;Port.;0;0;0;;;;;
35;Sellerie-Paprika-Quinoa-Pfanne;1;assets/images/recipes/sellerie-paprika-quinoa-pfanne.webp;3;Port.;0;0;0;;;;;
36;Rosenkohl & Edamame mit Erdnusssauce;1;assets/images/recipes/rosenkohl_&_edamame_mit_erdnusssauce.webp;3;Port.;0;0;0;;;;;
37;Linsencurry mit Rosenkohl;1;assets/images/recipes/linsencurry_mit_rosenkohl.webp;3;Port.;0;0;0;;;;;
38;Pilz-Tempeh-Spinat-Pfanne;1;assets/images/recipes/pilz-tempeh-spinat-pfanne.webp;3;Port.;0;0;0;;;;;
39;Indisches Tomaten-Spinat-Curry;1;assets/images/recipes/indisches_tomaten-spinat-curry.webp;3;Port.;0;0;0;;;;;
40;Rosenkohl-Pilz-Pfanne;1;assets/images/recipes/rosenkohl-pilz-pfanne.webp;3;Port.;0;0;0;;;;;
41;scharfer Grünkohl mit schwarzen Bohnen;1;assets/images/recipes/scharfer_gruenkohl_mit_schwarzen_bohnen.webp;3;Port.;0;0;0;;;;;
42;rote Beete - Chili sin carne;1;assets/images/recipes/rote_beete_-_chili_sin_carne.webp;3;Port.;0;0;0;;;;;
43;Wirsing mit Bohnen & Quinoa;1;assets/images/recipes/wirsing_mit_bohnen_&_quinoa.webp;3;Port.;0;0;0;;;;;
44;Spinat mit Linsen & Getreide;1;assets/images/recipes/spinat_mit_linsen_&_getreide.webp;3;Port.;0;0;0;;;;;
45;rote Beete-Pilz-Pfanne;1;assets/images/recipes/rote_beete-pilz-pfanne.webp;3;Port.;0;0;0;;;;;
46;Möhren & Beans on Greens;1;assets/images/recipes/moehren_&_beans_on_greens.webp;3;Port.;0;0;0;;;;;
47;Kichererbsen-Curry mit Fenchel;1;assets/images/recipes/kichererbsen-curry_mit_fenchel.webp;3;Port.;0;0;0;;;;;
48;Grünkohl-Pilz-Pfanne;1;assets/images/recipes/gruenkohl-pilz-pfanne.webp;3;Port.;0;0;0;;;;;
49;Rainbow-Root-Veggie-Stew;1;assets/images/recipes/rainbow-root-veggie-stew.webp;3;Port.;0;0;0;;;;;
50;Süßkartoffel-Hash mit Schwarzkohl & Pilzen;1;assets/images/recipes/suesskartoffel-hash_mit_schwarzkohl_&_pilzen.webp;3;Port.;0;0;0;;;;;
51;Linsen-Kohl-Curry;1;assets/images/recipes/linsen-kohl-curry.webp;3;Port.;0;0;0;;;;;
52;rote Beete-Balls mit Grünkohl & Bulgur;1;assets/images/recipes/rote_beete-balls_mit_gruenkohl_&_bulgur.webp;3;Port.;0;0;0;;;;;
53;Sellerie-Spinat-Pfanne mit Pilzen;1;assets/images/recipes/sellerie-spinat-pfanne_mit_pilzen.webp;3;Port.;0;0;0;;;;;
54;rote Beete-Curry;1;assets/images/recipes/rote_beete-curry.webp;3;Port.;0;0;0;;;;;
55;Kichererbsen-Möhren-Curry;1;assets/images/recipes/kichererbsen-moehren-curry.webp;3;Port.;0;0;0;;;;;
56;Belugalinsen mit Tomaten & Greens;1;assets/images/recipes/belugalinsen_mit_tomaten_&_greens.webp;3;Port.;0;0;0;;;;;
57;Getreide mit roter & grüner Soße;1;assets/images/recipes/getreide_mit_roter_&_gruener_sosse.webp;3;Port.;0;0;0;;;;;
58;violette Möhren mit Grünkohl & Linsen;1;assets/images/recipes/violette_moehren_mit_gruenkohl_&_linsen.webp;3;Port.;0;0;0;;;;;
59;Rotkohl-Sellerie-Chili;1;assets/images/recipes/rotkohl-sellerie-chili.webp;3;Port.;0;0;0;;;;;
60;Grünkohl-Möhren-Curry;1;assets/images/recipes/gruenkohl-moehren-curry.webp;3;Port.;0;0;0;;;;;
61;Belugalinsen-Süßkartoffel-Curry;1;assets/images/recipes/belugalinsen-suesskartoffel-curry.webp;3;Port.;0;0;0;;;;;
62;Rührtofu mit Spinat & Getreide;1;assets/images/recipes/ruehrtofu_mit_spinat_&_getreide.webp;3;Port.;0;0;0;;;;;
63;Quinoa Pilaw mit Kichererbsen & Möhren;1;assets/images/recipes/quinoa_pilaw_mit_kichererbsen_&_moehren.webp;3;Port.;0;0;0;;;;;
64;Süßkartoffel-Mais-Pfanne mit Bohnen;1;assets/images/recipes/suesskartoffel-mais-pfanne_mit_bohnen.webp;3;Port.;0;0;0;;;;;
65;Bulgur-Risotto mit Spinat;1;assets/images/recipes/bulgur-risotto_mit_spinat.webp;3;Port.;0;0;0;;;;;
66;Pak Choi-Tempeh-Pilz-Pfanne;1;assets/images/recipes/pak_choi-tempeh-pilz-pfanne.webp;3;Port.;0;0;0;;;;;
67;Rotkohl-Bohnen-Curry;1;assets/images/recipes/rotkohl-bohnen-curry.webp;3;Port.;0;0;0;;;;;
68;Linsen-Pilz-Curry mit Spargel;1;assets/images/recipes/linsen-pilz-curry_mit_spargel.webp;3;Port.;0;0;0;;;;;
69;Süßkartoffel-Erbsen-Buchweizen-Curry;1;assets/images/recipes/suesskartoffel-erbsen-buchweizen-curry.webp;3;Port.;0;0;0;;;;;
70;Blumenkohl-Bolognese;2;assets/images/recipes/blumenkohl-bolognese.webp;3;Port.;0;0;0;;;;;
71;Mac & Cheese mit Brokkoli;2;assets/images/recipes/mac_&_cheese_mit_brokkoli.webp;3;Port.;0;0;0;;;;;
72;Edamame-Rotkohl-Nudeln;2;assets/images/recipes/edamame-rotkohl-nudeln.webp;3;Port.;0;0;0;;;;;
73;Zoodles mit Pilzen & Erbsen;2;assets/images/recipes/zoodles_mit_pilzen_&_erbsen.webp;3;Port.;0;0;0;;;;;
74;Chili-sin-carne-Nudeln;2;assets/images/recipes/chili-sin-carne-nudeln.webp;3;Port.;0;0;0;;;;;
75;Pasta mit Avocado-Auberginen-Soße;2;assets/images/recipes/pasta_mit_avocado-auberginen-sosse.webp;3;Port.;0;0;0;;;https://youtu.be/NuxQWefC3HY?si=AlU0tor4YvvSatbr;;
76;Nudeln mit Erdnuss-Gemüse-Soße;2;assets/images/recipes/nudeln_mit_erdnuss-gemuese-sosse.webp;3;Port.;0;0;0;;;;;
77;Spaghetti mit Zucchini-Kichererbsen-Meatballs;2;assets/images/recipes/spaghetti_mit_zucchini-kichererbsen-meatballs.webp;3;Port.;0;0;0;;;;;
78;Pasta Primavera;2;assets/images/recipes/pasta_primavera.webp;3;Port.;0;0;0;;;;;
79;Möhren-Bandnudeln mit Bohnen;2;assets/images/recipes/moehren-bandnudeln_mit_bohnen.webp;3;Port.;0;0;0;;;;;
80;Gemüse-Pasta mit Grünkohl-Pesto;2;assets/images/recipes/gemuese-pasta_mit_gruenkohl-pesto.webp;3;Port.;0;0;0;;;;;
81;Pasta mit Paprika-Gemüse-Soße;2;assets/images/recipes/pasta_mit_paprika-gemuese-sosse.webp;3;Port.;0;0;0;;;;;
82;Zoodles mit Linsen-Pilz-Bolognese;2;assets/images/recipes/zoodles_mit_linsen-pilz-bolognese.webp;3;Port.;0;0;0;;;;;
83;Gemüse-Chili-Nudeln;2;assets/images/recipes/gemuese-chili-nudeln.webp;3;Port.;0;0;0;;;;;
84;Kürbis-Pasta mit Kidneybohnen;2;assets/images/recipes/kuerbis-pasta_mit_kidneybohnen.webp;3;Port.;0;0;0;;;;;
85;Kürbis-Spaghetti mit Avocado-Spinat-Soße;2;assets/images/recipes/kuerbis-spaghetti_mit_avocado-spinat-sosse.webp;3;Port.;0;0;0;;;;;
86;Kürbis-Mac & Cheese;2;assets/images/recipes/kuerbis-mac_&_cheese.webp;3;Port.;0;0;0;;;;;
87;Linsenbolognese;2;assets/images/recipes/linsenbolognese.webp;3;Port.;0;0;0;;;;;
88;Rosenkohl-Pasta;2;assets/images/recipes/rosenkohl-pasta.webp;3;Port.;0;0;0;;;;;
89;Süßkartoffel-Edamame-Chili-Pasta;2;assets/images/recipes/suesskartoffel-edamame-chili-pasta.webp;3;Port.;0;0;0;;;;;
90;Pasta mit Fenchel-Spinat-Soße;2;assets/images/recipes/pasta_mit_fenchel-spinat-sosse.webp;3;Port.;0;0;0;;;;;
91;Pasta mit Rucola-Granatapfel-Soße;2;assets/images/recipes/pasta_mit_rucola-granatapfel-sosse.webp;3;Port.;0;0;0;;;;;
92;Beans & Greens-Pasta;2;assets/images/recipes/beans_&_greens-pasta.webp;3;Port.;0;0;0;;;;;
93;Pasta mit rote Beete-Pastinaken-Soße;2;assets/images/recipes/pasta_mit_rote_beete-pastinaken-sosse.webp;3;Port.;0;0;0;;;;;
94;Grünkohl-Nudeln;2;assets/images/recipes/gruenkohl-nudeln.webp;3;Port.;0;0;0;;;;;
95;Kraut-Nudeln mit schwarzen Bohnen;2;assets/images/recipes/kraut-nudeln_mit_schwarzen_bohnen.webp;3;Port.;0;0;0;;;;;
96;Nudeln mit Pilz-Carbonara & Erbsen;2;assets/images/recipes/nudeln_mit_pilz-carbonara_&_erbsen.webp;3;Port.;0;0;0;;;;;
97;Wurzelgemüse-Mac & Cheese;2;assets/images/recipes/wurzelgemuese-mac_&_cheese.webp;3;Port.;0;0;0;;;;;
98;Rotkohl-Bohnen-Nudeln;2;assets/images/recipes/rotkohl-bohnen-nudeln.webp;3;Port.;0;0;0;;;;;
99;Pasta mit Blumenkohl-Soße & Spargel;2;assets/images/recipes/pasta_mit_blumenkohl-sosse_&_spargel.webp;3;Port.;0;0;0;;;;;
100;Blumenkohl-Erdnuss-Cremesuppe;3;assets/images/recipes/blumenkohl-erdnuss-cremesuppe.webp;3;Port.;0;0;0;;;https://youtu.be/4qSc1cqYnbQ?si=JwY-d-pVxLmNqMaw;;
101;Nudel-Pilz-Suppe;3;assets/images/recipes/nudel-pilz-suppe.webp;3;Port.;0;0;0;;;;;
102;Dal-Spinat-Tomaten-Suppe;3;assets/images/recipes/dal-spinat-tomaten-suppe.webp;3;Port.;0;0;0;;;;;
103;Quinoa-Soja-Gemüse-Eintopf;3;assets/images/recipes/quinoa-soja-gemuese-eintopf.webp;3;Port.;0;0;0;;;;;
104;Brokkoli-Lauch-Suppe;3;assets/images/recipes/brokkoli-lauch-suppe.webp;3;Port.;0;0;0;;;;;
105;Zucchini-Mais-Tomaten-Suppe;3;assets/images/recipes/zucchini-mais-tomaten-suppe.webp;3;Port.;0;0;0;;;;;
106;Amaranth-Linsen-Sellerie-Eintopf;3;assets/images/recipes/amaranth-linsen-sellerie-eintopf.webp;3;Port.;0;0;0;;;;;
107;Gemüse-Chili-Eintopf;3;assets/images/recipes/gemuese-chili-eintopf.webp;3;Port.;0;0;0;;;;;
108;Mais-Kichererbsen-Cremesuppe;3;assets/images/recipes/mais-kichererbsen-cremesuppe.webp;3;Port.;0;0;0;;;;;
109;Minestrone;3;assets/images/recipes/minestrone.webp;3;Port.;0;0;0;;;;;
110;Erbsen-Gemüse-Eintopf;3;assets/images/recipes/erbsen-gemuese-eintopf.webp;3;Port.;0;0;0;;;;;
111;Soljanka;3;assets/images/recipes/soljanka.webp;3;Port.;0;0;0;;;;;
112;Cheesy Brokkoli-Suppe;3;assets/images/recipes/cheesy_brokkoli-suppe.webp;3;Port.;0;0;0;;;;;
113;Süßkartoffel-Kidneybohnen-Erdnuss-Eintopf;3;assets/images/recipes/suesskartoffel-kidneybohnen-erdnuss-eintopf.webp;3;Port.;0;0;0;;;;;
114;Kürbis-Linsen-Eintopf;3;assets/images/recipes/kuerbis-linsen-eintopf.webp;3;Port.;0;0;0;;;;;
115;Three-Sisters;3;assets/images/recipes/three-sisters.webp;3;Port.;0;0;0;;;;;
116;Grünkohl-Süßkartoffel-Bohnen-Eintopf;3;assets/images/recipes/gruenkohl-suesskartoffel-bohnen-eintopf.webp;3;Port.;0;0;0;;;;;
117;rote Beete-Wirsing-Eintopf;3;assets/images/recipes/rote_beete-wirsing-eintopf.webp;3;Port.;0;0;0;;;;;
118;Sellerie-Apfel-Cremesuppe;3;assets/images/recipes/sellerie-apfel-cremesuppe.webp;3;Port.;0;0;0;;;https://youtu.be/AxuyU6X834A?si=aEkkvtfTcpXEycwk;;
119;Spinat-Edamame-Buchweizen-Eintopf;3;assets/images/recipes/spinat-edamame-buchweizen-eintopf.webp;3;Port.;0;0;0;;;;;
120;Wirsing-Erdnuss-Cremesuppe;3;assets/images/recipes/wirsing-erdnuss-cremesuppe.webp;3;Port.;0;0;0;;;;;
121;schwarze Bohnen-Eintopf mit Quinoa & Grünkohl;3;assets/images/recipes/schwarze_bohnen-eintopf_mit_quinoa_&_gruenkohl.webp;3;Port.;0;0;0;;;;;
122;Ribollita;3;assets/images/recipes/ribollita.webp;3;Port.;0;0;0;;;;;
123;rote Beete-Süßkartoffel-Grünkohl-Suppe;3;assets/images/recipes/rote_beete-suesskartoffel-gruenkohl-suppe.webp;3;Port.;0;0;0;;;;;
124;Wirsing-Sellerie-Tomaten-Eintopf;3;assets/images/recipes/wirsing-sellerie-tomaten-eintopf.webp;3;Port.;0;0;0;;;;;
125;Süßkartoffel-Schwarzkohl-Kidneybohnen-Eintopf;3;assets/images/recipes/suesskartoffel-schwarzkohl-kidneybohnen-eintopf.webp;3;Port.;0;0;0;;;;;
126;Grünkohl-Sellerie-Lauch-Suppe;3;assets/images/recipes/gruenkohl-sellerie-lauch-suppe.webp;3;Port.;0;0;0;;;;;
127;Linsen-Sellerie-Kartoffel-Eintopf;3;assets/images/recipes/linsen-sellerie-kartoffel-eintopf.webp;3;Port.;0;0;0;;;;;
128;Fenchel-Buchweizen-Suppe;3;assets/images/recipes/fenchel-buchweizen-suppe.webp;3;Port.;0;0;0;;;;;
129;drei Bohnen-Kurkuma-Spinat-Suppe;3;assets/images/recipes/drei_bohnen-kurkuma-spinat-suppe.webp;3;Port.;0;0;0;;;;;
130;Quinoa-Süßkartoffel-Eintopf;3;assets/images/recipes/quinoa-suesskartoffel-eintopf.webp;3;Port.;0;0;0;;;;;
131;Wirsing-Gerste-Pilz-Eintopf;3;assets/images/recipes/wirsing-gerste-pilz-eintopf.webp;3;Port.;0;0;0;;;;;
132;Rotkohl-Süßkartoffel-Suppe;3;assets/images/recipes/rotkohl-suesskartoffel-suppe.webp;3;Port.;0;0;0;;;;;
133;Grünkohl & weiße Bohnen Suppe;3;assets/images/recipes/gruenkohl_&_weisse_bohnen_suppe.webp;3;Port.;0;0;0;;;;;
134;Schwarze Bohnen-Pilz-Suppe mit Grünkohl;3;assets/images/recipes/schwarze_bohnen-pilz-suppe_mit_gruenkohl.webp;3;Port.;0;0;0;;;;;
135;rote Sellerie-Bohnen-Suppe;3;assets/images/recipes/rote_sellerie-bohnen-suppe.webp;3;Port.;0;0;0;;;;;
136;Süßkartoffel-Linsen-Eintopf;3;assets/images/recipes/suesskartoffel-linsen-eintopf.webp;3;Port.;0;0;0;;;;;
137;Tofu-Lachs mit Süßkartoffelstampf & Gemüse;4;assets/images/recipes/tofu-lachs_mit_suesskartoffelstampf_&_gemuese.webp;2;Port.;0;0;0;;;;;
138;Tempeh-Sticks mit weiße Bohnen-Dip;4;assets/images/recipes/tempeh-sticks_mit_weisse_bohnen-dip.webp;2;Port.;0;0;0;;;;;
139;Rotkohl-Rouladen mit Ofengemüse;4;assets/images/recipes/rotkohl-rouladen_mit_ofengemuese.webp;2;Port.;0;0;0;;;;;
140;Quinoa-Soja-Kohl-Rouladen mit Ofengemüse;4;assets/images/recipes/quinoa-soja-kohl-rouladen_mit_ofengemuese.webp;2;Port.;0;0;0;;;;;
141;Hirse & Belugalinsen auf Kohl;4;assets/images/recipes/hirse_&_belugalinsen_auf_kohl.webp;1;Port.;0;0;0;;;;;
142;Rührtofu mit Spinat;4;assets/images/recipes/ruehrtofu_mit_spinat.webp;1;Port.;0;0;0;;;https://youtu.be/pf0LSijbI-U?si=gOgAB4QyxgNQkATg;;
143;Süßkartoffel-Brokkoli-Nudel-Auflauf;4;assets/images/recipes/suesskartoffel-brokkoli-nudel-auflauf.webp;1;Port.;0;0;0;;;;;
144;Artischoken-Pilz-Pfanne;4;assets/images/recipes/artischoken-pilz-pfanne.webp;1;Port.;0;0;0;;;;;
145;Pak-Choi-Tofu-Pfanne;4;assets/images/recipes/pak-choi-tofu-pfanne.webp;1;Port.;0;0;0;;;;;
146;Linsenbratlinge mit Grünkohl & Couscous;4;assets/images/recipes/linsenbratlinge_mit_gruenkohl_&_couscous.webp;1;Port.;0;0;0;;;;;
147;Bohnen-Patty mit Gemüse-Sticks;4;assets/images/recipes/bohnen-patty_mit_gemuese-sticks.webp;1;Port.;0;0;0;;;;;
148;rote Beete Burger mit Blumenkohl-Wings;4;assets/images/recipes/rote_beete_burger_mit_blumenkohl-wings.webp;1;Port.;0;0;0;;;;;
149;Quinoa-Blumenkohl-Milchreis;4;assets/images/recipes/quinoa-blumenkohl-milchreis.webp;2;Port.;0;0;0;;;;;
150;Zwiebelkuchen;4;assets/images/recipes/zwiebelkuchen.webp;1;Port.;0;0;0;;;;;
151;Blumenkohl-Zucchini-Lasagne;4;assets/images/recipes/blumenkohl-zucchini-lasagne.webp;1;Port.;0;0;0;;;;;
152;Pilze-Kohl-Zucchini-Lasagne;4;assets/images/recipes/pilze-kohl-zucchini-lasagne.webp;1;Port.;0;0;0;;;;;
153;cheesy Blumenkohl-Süßkartoffel-Auflauf;4;assets/images/recipes/cheesy_blumenkohl-suesskartoffel-auflauf.webp;1;Port.;0;0;0;;;;;
154;Linsen-Shepherd's-Pie;4;assets/images/recipes/linsen-shepherd's-pie.webp;1;Port.;0;0;0;;;;;
155;gebackener Blumenkohl mit Glasur;4;assets/images/recipes/gebackener_blumenkohl_mit_glasur.webp;1;Port.;0;0;0;;;;;
156;Cottage Pie;4;assets/images/recipes/cottage_pie.webp;1;Port.;0;0;0;;;;;
157;Mangold-Gemüse-Kuchen;4;assets/images/recipes/mangold-gemuese-kuchen.webp;1;Port.;0;0;0;;;;;
158;Gemüse-Torte;4;assets/images/recipes/gemuese-torte.webp;1;Port.;0;0;0;;;;;
159;gefüllte Zucchini mit Ofengemüse;4;assets/images/recipes/gefuellte_zucchini_mit_ofengemuese.webp;2;Port.;0;0;0;;;;;
160;gebackene Süßkartoffel-Bohnen-Taquitos;4;assets/images/recipes/gebackene_suesskartoffel-bohnen-taquitos.webp;6;Port.;0;0;0;;;;;
161;Ofen-Süßkartoffel mit Spargel & Kichererbsen-Curry;4;assets/images/recipes/ofen-suesskartoffel_mit_spargel_&_kichererbsen-curry.webp;1;Port.;0;0;0;;;;;
162;Ofen-Süßkartoffel mit Spinat-Tomatensoße;4;assets/images/recipes/ofen-suesskartoffel_mit_spinat-tomatensosse.webp;1;Port.;0;0;0;;;;;
163;Ofen-Süßkartoffel mit bunten Möhren;4;assets/images/recipes/ofen-suesskartoffel_mit_bunten_moehren.webp;1;Port.;0;0;0;;;;;
164;Ofen-Süßkartoffel mit Rosenkohl & Brokkoli;4;assets/images/recipes/ofen-suesskartoffel_mit_rosenkohl_&_brokkoli.webp;1;Port.;0;0;0;;;;;
165;Ofen-Süßkartoffel mit Rosenkohl-Pilz-Pfanne;4;assets/images/recipes/ofen-suesskartoffel_mit_rosenkohl-pilz-pfanne.webp;1;Port.;0;0;0;;;;;
166;gestopfte Süßkartoffel mit Balsamicoglasur;4;assets/images/recipes/gestopfte_suesskartoffel_mit_balsamicoglasur.webp;1;Port.;0;0;0;;;;;
167;Ofen-Süßkartoffel mit Rotkohl-Pilz-Sauté;4;assets/images/recipes/ofen-suesskartoffel_mit_rotkohl-pilz-sauté.webp;1;Port.;0;0;0;;;;;
168;Blumenkohl-Rucola-Pizza;4;assets/images/recipes/blumenkohl-rucola-pizza.webp;1;Port.;0;0;0;;;;;
169;griechische Gyros-Pizza;4;assets/images/recipes/griechische_gyros-pizza.webp;1;Port.;0;0;0;;;;;
170;Zucchini-Rucola-Quinoa-Pizza;4;assets/images/recipes/zucchini-rucola-quinoa-pizza.webp;1;Port.;0;0;0;;;;;
171;Türkische Linsen-Pizza;4;assets/images/recipes/tuerkische_linsen-pizza.webp;1;Port.;0;0;0;;;;;
172;Brokkoli-schwarze Bohnen-Pizza;4;assets/images/recipes/brokkoli-schwarze_bohnen-pizza.webp;1;Port.;0;0;0;;;;;
173;rote Beete-Rucola-Quinoa-Pizza;4;assets/images/recipes/rote_beete-rucola-quinoa-pizza.webp;1;Port.;0;0;0;;;;;
174;rote Beete-Kichererbsen-Quinoa-Pizza;4;assets/images/recipes/rote_beete-kichererbsen-quinoa-pizza.webp;1;Port.;0;0;0;;;;;
175;Grünkohl-schwarze Bohnen-Quinoa-Pizza;4;assets/images/recipes/gruenkohl-schwarze_bohnen-quinoa-pizza.webp;1;Port.;0;0;0;;;;;
176;Wurzelgemüse-Belugalinsen-Quinoa-Pizza;4;assets/images/recipes/wurzelgemuese-belugalinsen-quinoa-pizza.webp;1;Port.;0;0;0;;;;;
177;rote Beete-Lauch-Erbsen-Pizza;4;assets/images/recipes/rote_beete-lauch-erbsen-pizza.webp;1;Port.;0;0;0;;;;;
178;Süßkartoffel-Lauch-Buchweizen-Pizza;4;assets/images/recipes/suesskartoffel-lauch-buchweizen-pizza.webp;1;Port.;0;0;0;;;;;
179;Spinat-Kichererbsen-Quinoa-Pizza;4;assets/images/recipes/spinat-kichererbsen-quinoa-pizza.webp;1;Port.;0;0;0;;;;;
180;Hot and Sour Shiitake-Suppe;5;assets/images/recipes/hot_and_sour_shiitake-suppe.webp;1;Port.;0;0;0;;;;;
181;Salsa;5;assets/images/recipes/salsa.webp;2;Port.;0;0;0;;;;;
182;Gazpacho;5;assets/images/recipes/gazpacho.webp;1;Port.;0;0;0;;;;;
183;Brokkoli-Tomaten-Süßkartoffel-Suppe;5;assets/images/recipes/brokkoli-tomaten-suesskartoffel-suppe.webp;1;Port.;0;0;0;;;;;
184;Baked Beans;5;assets/images/recipes/baked_beans.webp;2;Port.;0;0;0;;;;;
185;Möhren-Suppe mit gerösteten Cashews;5;assets/images/recipes/moehren-suppe_mit_geroesteten_cashews.webp;1;Port.;0;0;0;;;;;
186;Kürbissuppe;5;assets/images/recipes/kuerbissuppe.webp;2;Port.;0;0;0;;;;;
187;Tempeh-Salat-Wraps;5;assets/images/recipes/tempeh-salat-wraps.webp;2;Port.;0;0;0;;;;;
188;gefüllte Ofen-Paprika;5;assets/images/recipes/gefuellte_ofen-paprika.webp;4;Port.;0;0;0;;;;;
189;gefüllte Curry-Riesenschampignons;5;assets/images/recipes/gefuellte_curry-riesenschampignons.webp;4;Port.;0;0;0;;;;;
190;Bohnen-Walnuss-Würstchen;5;assets/images/recipes/bohnen-walnuss-wuerstchen.webp;6;Port.;0;0;0;;;;;
191;Süßkartoffel-Sticks;5;assets/images/recipes/suesskartoffel-sticks.webp;1;Port.;0;0;0;;;;;
192;geröstete Miso-Kichererbsen;5;assets/images/recipes/geroestete_miso-kichererbsen.webp;1;Port.;0;0;0;;;;;
193;Brokkoli-Tomaten-Kichererbsen-Ofengemüse;5;assets/images/recipes/brokkoli-tomaten-kichererbsen-ofengemuese.webp;1;Port.;0;0;0;;;;;
194;Rosenkohl-Kürbis-rote Beete-Ofengemüse;5;assets/images/recipes/rosenkohl-kuerbis-rote_beete-ofengemuese.webp;1;Port.;0;0;0;;;;;
195;Blumenkohl-Möhren-Curry-Ofengemüse;5;assets/images/recipes/blumenkohl-moehren-curry-ofengemuese.webp;1;Port.;0;0;0;;;;;
196;Wurzelgemüse-Fenchel-Ofengemüse;5;assets/images/recipes/wurzelgemuese-fenchel-ofengemuese.webp;1;Port.;0;0;0;;;;;
197;Vollkorn-Wraps;6;assets/images/recipes/vollkorn-wraps.webp;2;Wrp.;0;0;0;;;;;
198;Spinat-Vollkorn-Wrap;6;assets/images/recipes/spinat-vollkorn-wrap.webp;2;Wrp.;0;0;0;;;;;
199;Chili-Vollkorn-Wrap;6;assets/images/recipes/chili-vollkorn-wrap.webp;2;Wrp.;0;0;0;;;;;
200;rote Beete-Vollkorn-Wrap;6;assets/images/recipes/rote_beete-vollkorn-wrap.webp;2;Wrp.;0;0;0;;;;;
201;Rotkohl-Vollkorn-Wrap;6;assets/images/recipes/rotkohl-vollkorn-wrap.webp;2;Wrp.;0;0;0;;;;;
202;Curry-Vollkorn-Wrap;6;assets/images/recipes/curry-vollkorn-wrap.webp;2;Wrp.;0;0;0;;;;;
203;Beeren-Vollkorn-Wrap;6;assets/images/recipes/beeren-vollkorn-wrap.webp;2;Wrp.;0;0;0;;;;;
204;Süßkartoffel-Vollkorn-Wrap;6;assets/images/recipes/suesskartoffel-vollkorn-wrap.webp;2;Wrp.;0;0;0;;;;;
205;scrambled Tofu-Wrap;6;assets/images/recipes/scrambled_tofu-wrap.webp;1;Port.;0;0;0;;;;;
206;Quinoa-Linsen-Wrap;6;assets/images/recipes/quinoa-linsen-wrap.webp;1;Port.;0;0;0;;;;;
207;schwarze Bohnen-Pilz-Wrap;6;assets/images/recipes/schwarze_bohnen-pilz-wrap.webp;1;Port.;0;0;0;;;;;
208;scharfer Tempeh-Wrap;6;assets/images/recipes/scharfer_tempeh-wrap.webp;1;Port.;0;0;0;;;;;
209;Dürüm-Wrap;6;assets/images/recipes/dueruem-wrap.webp;1;Port.;0;0;0;;;;;
210;Rosenkohl-Möhren-Bohnen-Wrap;6;assets/images/recipes/rosenkohl-moehren-bohnen-wrap.webp;1;Port.;0;0;0;;;;;
211;rote Beete-Fenchel-Bohnen-Wrap;6;assets/images/recipes/rote_beete-fenchel-bohnen-wrap.webp;1;Port.;0;0;0;;;;;
212;Möhren-Kichererbsen-Curry-Wrap;6;assets/images/recipes/moehren-kichererbsen-curry-wrap.webp;1;Port.;0;0;0;;;;;
213;Rotkohl-Linsen-Curry-Wrap;6;assets/images/recipes/rotkohl-linsen-curry-wrap.webp;1;Port.;0;0;0;;;;;
214;Zucchini-Grünkohl-Dörr-Wraps;6;assets/images/recipes/zucchini-gruenkohl-doerr-wraps.webp;3;Wrp.;0;0;0;;;;;
215;Süßkartoffel-Apfel-Dörr-Wraps;6;assets/images/recipes/suesskartoffel-apfel-doerr-wraps.webp;3;Wrp.;0;0;0;;;;;
216;Brokkoli-Apfel-Dörr-Wraps;6;assets/images/recipes/brokkoli-apfel-doerr-wraps.webp;3;Wrp.;0;0;0;;;;;
217;Rotkohl-Pastinaken-Dörr-Wraps;6;assets/images/recipes/rotkohl-pastinaken-doerr-wraps.webp;3;Wrp.;0;0;0;;;;;
218;rote Beete-Apfel-Dörr-Wraps;6;assets/images/recipes/rote_beete-apfel-doerr-wraps.webp;3;Wrp.;0;0;0;;;;;
219;Kohl-Banane-Dörr-Wraps;6;assets/images/recipes/kohl-banane-doerr-wraps.webp;3;Wrp.;0;0;0;;;;;
220;Ingwer-Kohl-Wrap;6;assets/images/recipes/ingwer-kohl-wrap.webp;3;Port.;0;0;0;;;;;
221;Tempeh-Gerste-Granatapfel-Wrap;6;assets/images/recipes/tempeh-gerste-granatapfel-wrap.webp;3;Port.;0;0;0;;;;;
222;Gyros-Rotkohl-Wrap;6;assets/images/recipes/gyros-rotkohl-wrap.webp;3;Port.;0;0;0;;;;;
223;Rotkohl-Tomaten-Kichererbsen-Salat;7;assets/images/recipes/rotkohl-tomaten-kichererbsen-salat.webp;3;Port.;0;0;0;;;;;
224;Blumenkohl-Rucola-Mais-Salat;7;assets/images/recipes/blumenkohl-rucola-mais-salat.webp;3;Port.;0;0;0;;;;;
225;Tomaten-Paprika-Linsen-Salat;7;assets/images/recipes/tomaten-paprika-linsen-salat.webp;3;Port.;0;0;0;;;;;
226;Rotkohl-Blumenkohl-Möhren-Salat;7;assets/images/recipes/rotkohl-blumenkohl-moehren-salat.webp;3;Port.;0;0;0;;;;;
227;Möhren-Tomaten-weiße Bohnen-Salat;7;assets/images/recipes/moehren-tomaten-weisse_bohnen-salat.webp;3;Port.;0;0;0;;;;;
228;Paprika-Mais-Erbsen-Salat;7;assets/images/recipes/paprika-mais-erbsen-salat.webp;3;Port.;0;0;0;;;;;
229;Brokkoli-Tomaten-Kichererbsen-Salat;7;assets/images/recipes/brokkoli-tomaten-kichererbsen-salat.webp;3;Port.;0;0;0;;;;;
230;Rainbow-Kichererbsen-Bohnen-Salat;7;assets/images/recipes/rainbow-kichererbsen-bohnen-salat.webp;3;Port.;0;0;0;;;;;
231;Gurken-Mais-Edamame-Salat;7;assets/images/recipes/gurken-mais-edamame-salat.webp;3;Port.;0;0;0;;;;;
232;Blumenkohl-Tomaten-Bohnen-Salat;7;assets/images/recipes/blumenkohl-tomaten-bohnen-salat.webp;3;Port.;0;0;0;;;;;
233;Zucchini-Tomaten-Bohnen-Salat;7;assets/images/recipes/zucchini-tomaten-bohnen-salat.webp;3;Port.;0;0;0;;;;;
234;Gurken-Bohnen-Salat mit Erdbeer-Dressing;7;assets/images/recipes/gurken-bohnen-salat_mit_erdbeer-dressing.webp;3;Port.;0;0;0;;;;;
235;Tomaten-Jalapeno-Bohnen-Salat;7;assets/images/recipes/tomaten-jalapeno-bohnen-salat.webp;3;Port.;0;0;0;;;;;
236;Sellerie-Kidneybohnen-Quinoa-Salat;7;assets/images/recipes/sellerie-kidneybohnen-quinoa-salat.webp;3;Port.;0;0;0;;;;;
237;Tomaten-Kichererbsen-Kidneybohnen-Salat;7;assets/images/recipes/tomaten-kichererbsen-kidneybohnen-salat.webp;3;Port.;0;0;0;;;;;
238;Zucchini-Paprika-Kichererbsen-Salat;7;assets/images/recipes/zucchini-paprika-kichererbsen-salat.webp;3;Port.;0;0;0;;;;;
239;Tomaten-Brechbohnen-Kichererbsen-Salat;7;assets/images/recipes/tomaten-brechbohnen-kichererbsen-salat.webp;3;Port.;0;0;0;;;;;
240;Brokkoli-Pilz-Erbsen-Salat;7;assets/images/recipes/brokkoli-pilz-erbsen-salat.webp;3;Port.;0;0;0;;;;;
241;Zucchini-Paprika-Quinoa-Salat;7;assets/images/recipes/zucchini-paprika-quinoa-salat.webp;3;Port.;0;0;0;;;;;
242;Tomaten-Kidneybohnen-Couscous-Salat;7;assets/images/recipes/tomaten-kidneybohnen-couscous-salat.webp;3;Port.;0;0;0;;;;;
243;Brokkoli-Tomaten-Rucola-Salat;7;assets/images/recipes/brokkoli-tomaten-rucola-salat.webp;3;Port.;0;0;0;;;;;
244;Tomaten-Gurken-Quinoa-Salat;7;assets/images/recipes/tomaten-gurken-quinoa-salat.webp;3;Port.;0;0;0;;;;;
245;Zucchini-Tomaten-Kidneybohnen-Salat;7;assets/images/recipes/zucchini-tomaten-kidneybohnen-salat.webp;3;Port.;0;0;0;;;;;
246;Blumenkohl-Tomaten-Kichererbsen-Salat;7;assets/images/recipes/blumenkohl-tomaten-kichererbsen-salat.webp;3;Port.;0;0;0;;;;;
247;Paprika-Tomaten-Bohnen-Salat;7;assets/images/recipes/paprika-tomaten-bohnen-salat.webp;3;Port.;0;0;0;;;;;
248;Tomaten-Gurken-Gerste-Salat;7;assets/images/recipes/tomaten-gurken-gerste-salat.webp;3;Port.;0;0;0;;;;;
249;Sellerie-Paprika-Bohnen-Salat;7;assets/images/recipes/sellerie-paprika-bohnen-salat.webp;3;Port.;0;0;0;;;;;
250;Tomaten-Nudel-Bohnen-Salat;7;assets/images/recipes/tomaten-nudel-bohnen-salat.webp;3;Port.;0;0;0;;;;;
251;Gurken-Kidneybohnen-Rucola-Salat;7;assets/images/recipes/gurken-kidneybohnen-rucola-salat.webp;3;Port.;0;0;0;;;;;
252;Brokkoli-Paprika-Linsen-Salat;7;assets/images/recipes/brokkoli-paprika-linsen-salat.webp;3;Port.;0;0;0;;;;;
253;Aubergine-Tomaten-Kichererbsen-Salat;7;assets/images/recipes/aubergine-tomaten-kichererbsen-salat.webp;3;Port.;0;0;0;;;;;
254;Möhren-Kichererbsen-Roggen-Salat;7;assets/images/recipes/moehren-kichererbsen-roggen-salat.webp;3;Port.;0;0;0;;;;;
255;Tomaten-Kichererbsen-Hirse-Salat;7;assets/images/recipes/tomaten-kichererbsen-hirse-salat.webp;3;Port.;0;0;0;;;;;
256;Möhren-Walnuss-Erbsen-Salat;7;assets/images/recipes/moehren-walnuss-erbsen-salat.webp;3;Port.;0;0;0;;;;;
257;Mango-Papaya-Linsen-Salat;7;assets/images/recipes/mango-papaya-linsen-salat.webp;3;Port.;0;0;0;;;;;
258;Tomaten-Mungbohnen-Grünkern-Salat;7;assets/images/recipes/tomaten-mungbohnen-gruenkern-salat.webp;3;Port.;0;0;0;;;;;
259;Blumenkohl-Brokkoli-Rotkohl-Salat;7;assets/images/recipes/blumenkohl-brokkoli-rotkohl-salat.webp;3;Port.;0;0;0;;;;;
260;Zucchini-rote Beete-Kichererbsen-Salat;7;assets/images/recipes/zucchini-rote_beete-kichererbsen-salat.webp;3;Port.;0;0;0;;;;;
261;Zoodles-Pilz-Bohnen-Salat;7;assets/images/recipes/zoodles-pilz-bohnen-salat.webp;3;Port.;0;0;0;;;;;
262;Tomaten-Mais-Grünkohl-Salat;7;assets/images/recipes/tomaten-mais-gruenkohl-salat.webp;3;Port.;0;0;0;;;;;
263;Süßkartoffel-Erdnuss-Kichererbsen-Salat;7;assets/images/recipes/suesskartoffel-erdnuss-kichererbsen-salat.webp;3;Port.;0;0;0;;;;;
264;Kürbis-Kohl-Bohnen-Salat;7;assets/images/recipes/kuerbis-kohl-bohnen-salat.webp;3;Port.;0;0;0;;;;;
265;rote Beete-Kichererbsen-Rucola-Salat;7;assets/images/recipes/rote_beete-kichererbsen-rucola-salat.webp;3;Port.;0;0;0;;;;;
266;Kürbis-Birnen-Nudelsalat;7;assets/images/recipes/kuerbis-birnen-nudelsalat.webp;3;Port.;0;0;0;;;;;
267;Brokkoli-Pastinaken-Kichererbsen-Salat;7;assets/images/recipes/brokkoli-pastinaken-kichererbsen-salat.webp;3;Port.;0;0;0;;;;;
268;rote Beete-Blumenkohl-Kidneybohnen-Salat;7;assets/images/recipes/rote_beete-blumenkohl-kidneybohnen-salat.webp;3;Port.;0;0;0;;;;;
269;Kürbis-Kichererbsen-Buchweizen-Salat;7;assets/images/recipes/kuerbis-kichererbsen-buchweizen-salat.webp;3;Port.;0;0;0;;;;;
270;Sellerie-Apfel-Bohnen-Salat;7;assets/images/recipes/sellerie-apfel-bohnen-salat.webp;3;Port.;0;0;0;;;;;
271;rote Beete-Bohnen-Couscous-Salat;7;assets/images/recipes/rote_beete-bohnen-couscous-salat.webp;3;Port.;0;0;0;;;;;
272;Rosenkohl-Granatapfel-Linsen-Salat;7;assets/images/recipes/rosenkohl-granatapfel-linsen-salat.webp;3;Port.;0;0;0;;;;;
273;Sellerie-rote Beete-Rucola-Salat;7;assets/images/recipes/sellerie-rote_beete-rucola-salat.webp;3;Port.;0;0;0;;;;;
274;rote Beete-Erbsen-Grünkohl-Salat;7;assets/images/recipes/rote_beete-erbsen-gruenkohl-salat.webp;3;Port.;0;0;0;;;;;
275;Rosenkohl-Kürbis-Kichererbsen-Salat;7;assets/images/recipes/rosenkohl-kuerbis-kichererbsen-salat.webp;3;Port.;0;0;0;;;;;
276;rote Beete-Pastinaken-Belugalinsen-Salat;7;assets/images/recipes/rote_beete-pastinaken-belugalinsen-salat.webp;3;Port.;0;0;0;;;;;
277;rote Beete-Möhren-Kichererbsen-Salat;7;assets/images/recipes/rote_beete-moehren-kichererbsen-salat.webp;3;Port.;0;0;0;;;;;
278;rote Beete-Rosenkohl-Bohnen-Salat;7;assets/images/recipes/rote_beete-rosenkohl-bohnen-salat.webp;3;Port.;0;0;0;;;;;
279;Kürbis-Rosenkohl-Bohnen-Salat;7;assets/images/recipes/kuerbis-rosenkohl-bohnen-salat.webp;3;Port.;0;0;0;;;;;
280;rote Beete-Kichererbsen-Quinoa-Salat;7;assets/images/recipes/rote_beete-kichererbsen-quinoa-salat.webp;3;Port.;0;0;0;;;;;
281;Apfel-Rosenkohl-Bohnen-Salat;7;assets/images/recipes/apfel-rosenkohl-bohnen-salat.webp;3;Port.;0;0;0;;;;;
282;rote Beete-Pastinaken-Kidneybohnen-Salat;7;assets/images/recipes/rote_beete-pastinaken-kidneybohnen-salat.webp;3;Port.;0;0;0;;;;;
283;Rotkohl-Möhren-Linsen-Salat;7;assets/images/recipes/rotkohl-moehren-linsen-salat.webp;3;Port.;0;0;0;;;;;
284;Rotkohl-rote Beete-Chicoree-Salat;7;assets/images/recipes/rotkohl-rote_beete-chicoree-salat.webp;3;Port.;0;0;0;;;;;
285;Rosenkohl-Granatapfel-Kichererbsen-Salat;7;assets/images/recipes/rosenkohl-granatapfel-kichererbsen-salat.webp;3;Port.;0;0;0;;;;;
286;rote Beete-Couscous-Mangold-Salat;7;assets/images/recipes/rote_beete-couscous-mangold-salat.webp;3;Port.;0;0;0;;;;;
287;Apfel-Haselnuss-Schwarzkohl-Salat;7;assets/images/recipes/apfel-haselnuss-schwarzkohl-salat.webp;3;Port.;0;0;0;;;;;
288;Rosenkohl-Chicoree-Bohnen-Salat;7;assets/images/recipes/rosenkohl-chicoree-bohnen-salat.webp;3;Port.;0;0;0;;;;;
289;rote Beete-Süßkartoffel-Couscous-Salat;7;assets/images/recipes/rote_beete-suesskartoffel-couscous-salat.webp;3;Port.;0;0;0;;;;;
290;Radicchio-Möhren-Bohnen-Salat;7;assets/images/recipes/radicchio-moehren-bohnen-salat.webp;3;Port.;0;0;0;;;;;
291;Schwarzkohl-rote Beete-Bohnen-Salat;7;assets/images/recipes/schwarzkohl-rote_beete-bohnen-salat.webp;3;Port.;0;0;0;;;;;
292;gelbe Beete-Sellerie-Kichererbsen-Salat;7;assets/images/recipes/gelbe_beete-sellerie-kichererbsen-salat.webp;3;Port.;0;0;0;;;;;
293;Rotkohl-Couscous-Kichererbsen-Salat;7;assets/images/recipes/rotkohl-couscous-kichererbsen-salat.webp;3;Port.;0;0;0;;;;;
294;Apfel-Quinoa-Grünkohl-Salat;7;assets/images/recipes/apfel-quinoa-gruenkohl-salat.webp;3;Port.;0;0;0;;;;;
295;rote Beete-Sellerie-Chicoree-Salat;7;assets/images/recipes/rote_beete-sellerie-chicoree-salat.webp;3;Port.;0;0;0;;;;;
296;Pilz-Buchweizen-Grünkohl-Salat;7;assets/images/recipes/pilz-buchweizen-gruenkohl-salat.webp;3;Port.;0;0;0;;;;;
297;Topinambur-rote Beete-Kichererbsen-Salat;7;assets/images/recipes/topinambur-rote_beete-kichererbsen-salat.webp;3;Port.;0;0;0;;;;;
298;Rotkohl-Pastinaken-Bohnen-Salat;7;assets/images/recipes/rotkohl-pastinaken-bohnen-salat.webp;3;Port.;0;0;0;;;;;
299;rote Beete-Sellerie-Erbsen-Salat;7;assets/images/recipes/rote_beete-sellerie-erbsen-salat.webp;3;Port.;0;0;0;;;;;
300;Schwarzwurzel-Radicchio-Kichererbsen-Salat;7;assets/images/recipes/schwarzwurzel-radicchio-kichererbsen-salat.webp;3;Port.;0;0;0;;;;;
301;rote Beete-Pastinaken-Chicoree-Salat;7;assets/images/recipes/rote_beete-pastinaken-chicoree-salat.webp;3;Port.;0;0;0;;;;;
302;Fenchel-Kohl-Kichererbsen-Salat;7;assets/images/recipes/fenchel-kohl-kichererbsen-salat.webp;3;Port.;0;0;0;;;;;
303;Rotkohl-rote Beete-Kichererbsen-Salat;7;assets/images/recipes/rotkohl-rote_beete-kichererbsen-salat.webp;3;Port.;0;0;0;;;;;
304;Süßkartoffel-Fenchel-Quinoa-Salat;7;assets/images/recipes/suesskartoffel-fenchel-quinoa-salat.webp;3;Port.;0;0;0;;;;;
305;rote Beete-Süßkartoffel-Chicoree-Salat;7;assets/images/recipes/rote_beete-suesskartoffel-chicoree-salat.webp;3;Port.;0;0;0;;;;;
306;Pastinaken-Pilz-Erbsen-Salat;7;assets/images/recipes/pastinaken-pilz-erbsen-salat.webp;3;Port.;0;0;0;;;;;
307;rote Beete-Radicchio-Bohnen-Salat;7;assets/images/recipes/rote_beete-radicchio-bohnen-salat.webp;3;Port.;0;0;0;;;;;
308;Apfel-Beete-Kichererbsen-Salat;7;assets/images/recipes/apfel-beete-kichererbsen-salat.webp;3;Port.;0;0;0;;;;;
309;Fenchel-Bohnen-Chicoree-Salat;7;assets/images/recipes/fenchel-bohnen-chicoree-salat.webp;3;Port.;0;0;0;;;;;
310;rote Beete-Süßkartoffel-Schwarzkohl-Salat;7;assets/images/recipes/rote_beete-suesskartoffel-schwarzkohl-salat.webp;3;Port.;0;0;0;;;;;
311;Rotkohl-Erdnuss-Kichererbsen-Salat;7;assets/images/recipes/rotkohl-erdnuss-kichererbsen-salat.webp;3;Port.;0;0;0;;;;;
312;rote Beete-Couscous-Erbsen-Salat;7;assets/images/recipes/rote_beete-couscous-erbsen-salat.webp;3;Port.;0;0;0;;;;;
313;Rotkohl-rote Beete-Kidneybohnen-Salat;7;assets/images/recipes/rotkohl-rote_beete-kidneybohnen-salat.webp;3;Port.;0;0;0;;;;;
314;Sellerie-Kidneybohnen-Chicoree-Salat;7;assets/images/recipes/sellerie-kidneybohnen-chicoree-salat.webp;3;Port.;0;0;0;;;;;
315;rote Beete-Radieschen-Sojabohnen-Salat;7;assets/images/recipes/rote_beete-radieschen-sojabohnen-salat.webp;3;Port.;0;0;0;;;;;
316;Süßkartoffel-Pastinaken-Kichererbsen-Salat;7;assets/images/recipes/suesskartoffel-pastinaken-kichererbsen-salat.webp;3;Port.;0;0;0;;;;;
317;Apfel-Pastinaken-Bohnen-Salat;7;assets/images/recipes/apfel-pastinaken-bohnen-salat.webp;3;Port.;0;0;0;;;;;
318;Rucola-Sellerie-rote Beete-Salat;7;assets/images/recipes/rucola-sellerie-rote_beete-salat.webp;3;Port.;0;0;0;;;;;
319;Pastinaken-Möhren-Bohnen-Salat;7;assets/images/recipes/pastinaken-moehren-bohnen-salat.webp;3;Port.;0;0;0;;;;;
320;Rotkohl-Süßkartoffel-Bohnen-Salat;7;assets/images/recipes/rotkohl-suesskartoffel-bohnen-salat.webp;3;Port.;0;0;0;;;;;
321;Sellerie-Radieschen-Chicoree-Salat;7;assets/images/recipes/sellerie-radieschen-chicoree-salat.webp;3;Port.;0;0;0;;;;;
322;Süßkartoffel-Sellerie-Bohnen-Salat;7;assets/images/recipes/suesskartoffel-sellerie-bohnen-salat.webp;3;Port.;0;0;0;;;;;
323;Sellerie-Fenchel-Rucola-Salat;7;assets/images/recipes/sellerie-fenchel-rucola-salat.webp;3;Port.;0;0;0;;;;;
324;Süßkartoffel-Pastinaken-Belugalinsen-Salat;7;assets/images/recipes/suesskartoffel-pastinaken-belugalinsen-salat.webp;3;Port.;0;0;0;;;;;
325;Rotkohl-Edamame-Couscous-Salat;7;assets/images/recipes/rotkohl-edamame-couscous-salat.webp;3;Port.;0;0;0;;;;;
326;Spargel-Quinoa-Erbsen-Salat;7;assets/images/recipes/spargel-quinoa-erbsen-salat.webp;3;Port.;0;0;0;;;;;
327;Pastinaken-Sellerie-Kidneybohnen-Salat;7;assets/images/recipes/pastinaken-sellerie-kidneybohnen-salat.webp;3;Port.;0;0;0;;;;;
328;Blumenkohl-Süßkartoffel-Bohnen-Salat;7;assets/images/recipes/blumenkohl-suesskartoffel-bohnen-salat.webp;3;Port.;0;0;0;;;;;
329;Rotkohl-Mango-Kichererbsen-Salat;7;assets/images/recipes/rotkohl-mango-kichererbsen-salat.webp;3;Port.;0;0;0;;;;;
330;Rotkohl-Pastinaken-Couscous-Salat;7;assets/images/recipes/rotkohl-pastinaken-couscous-salat.webp;3;Port.;0;0;0;;;;;
331;Morning-Grain-Bowl;8;assets/images/recipes/morning-grain-bowl.webp;1;Port.;0;0;0;;;;;
332;Brokkoli-Süßkartoffel-Bowl mit Tahini-Dressing;8;assets/images/recipes/brokkoli-suesskartoffel-bowl_mit_tahini-dressing.webp;4;Port.;0;0;0;;;;;
333;Sellerie-Süßkartoffel-Bowl mit Mango-Erdnuss-Dressing;8;assets/images/recipes/sellerie-suesskartoffel-bowl_mit_mango-erdnuss-dressing.webp;4;Port.;0;0;0;;;;;
334;Gurken-Tomaten-Gerste-Bowl mit Tahini-Dressing;8;assets/images/recipes/gurken-tomaten-gerste-bowl_mit_tahini-dressing.webp;4;Port.;0;0;0;;;;;
335;Beeren-Tomaten-Rucola-Bowl;8;assets/images/recipes/beeren-tomaten-rucola-bowl.webp;4;Port.;0;0;0;;;;;
336;Zucchini-geröstete Kichererbsen-Bowl;8;assets/images/recipes/zucchini-geroestete_kichererbsen-bowl.webp;4;Port.;0;0;0;;;;;
337;Süßkartoffel-Paprika-Tempeh-Bowl mit Curry-Dressing;8;assets/images/recipes/suesskartoffel-paprika-tempeh-bowl_mit_curry-dressing.webp;4;Port.;0;0;0;;;;;
338;Süßkartoffel-Mango-Pico-Bowl mit Tomaten-Dressing;8;assets/images/recipes/suesskartoffel-mango-pico-bowl_mit_tomaten-dressing.webp;4;Port.;0;0;0;;;;;
339;Zucchini-Gurken-Erbsen-Bowl mit goldenem Dressing;8;assets/images/recipes/zucchini-gurken-erbsen-bowl_mit_goldenem_dressing.webp;4;Port.;0;0;0;;;;;
340;Blumenkohl-Heidelbeer-Cashew-Bowl mit Chili-Dressing;8;assets/images/recipes/blumenkohl-heidelbeer-cashew-bowl_mit_chili-dressing.webp;4;Port.;0;0;0;;;;;
341;Süßkartoffel-Rotkohl-Mais-Bowl mit smoky Dressing;8;assets/images/recipes/suesskartoffel-rotkohl-mais-bowl_mit_smoky_dressing.webp;4;Port.;0;0;0;;;;;
342;Bohnen-Gurke-Paprika-Bowl mit Erdnuss-Dressing;8;assets/images/recipes/bohnen-gurke-paprika-bowl_mit_erdnuss-dressing.webp;4;Port.;0;0;0;;;;;
343;Gurke-Tomaten-BROL-Bowl mit Banane-Curry-Dressing;8;assets/images/recipes/gurke-tomaten-brol-bowl_mit_banane-curry-dressing.webp;4;Port.;0;0;0;;;;;
344;Grünkohl-Mango-Avocado-Bowl;8;assets/images/recipes/gruenkohl-mango-avocado-bowl.webp;4;Port.;0;0;0;;;;;
345;Tomaten-rote Beete-Bowl mit gelber Paprika Bearnaise;8;assets/images/recipes/tomaten-rote_beete-bowl_mit_gelber_paprika_bearnaise.webp;4;Port.;0;0;0;;;;;
346;Papaya-Mango-Bowl mit Tahini-Dill-Dressing;8;assets/images/recipes/papaya-mango-bowl_mit_tahini-dill-dressing.webp;4;Port.;0;0;0;;;;;
347;Zucchini-Möhren-Bowl mit Lauch-Minz-Dressing;8;assets/images/recipes/zucchini-moehren-bowl_mit_lauch-minz-dressing.webp;4;Port.;0;0;0;;;;;
348;Grünkohl-Paprika-Mais-Bowl mit Tomaten-Dressing;8;assets/images/recipes/gruenkohl-paprika-mais-bowl_mit_tomaten-dressing.webp;4;Port.;0;0;0;;;;;
349;Grünkohl-Rotkohl-Paprika-Bowl mit Tomaten-Dressing;8;assets/images/recipes/gruenkohl-rotkohl-paprika-bowl_mit_tomaten-dressing.webp;4;Port.;0;0;0;;;;;
350;Grünkohl-Süßkartoffel-Granatapfel-Bowl;8;assets/images/recipes/gruenkohl-suesskartoffel-granatapfel-bowl.webp;4;Port.;0;0;0;;;;;
351;Süßkartoffel-Brokkoli-Grünkohl-Bowl;8;assets/images/recipes/suesskartoffel-brokkoli-gruenkohl-bowl.webp;4;Port.;0;0;0;;;;;
352;Wirsing-Süßkartoffel-Tempeh-Bowl;8;assets/images/recipes/wirsing-suesskartoffel-tempeh-bowl.webp;4;Port.;0;0;0;;;;;
353;Rosenkohl-Blumenkohl-rote Beete-Bowl;8;assets/images/recipes/rosenkohl-blumenkohl-rote_beete-bowl.webp;4;Port.;0;0;0;;;;;
354;Sellerie-Rosenkohl-Grünkohl-Bowl mit Ananas-Dressing;8;assets/images/recipes/sellerie-rosenkohl-gruenkohl-bowl_mit_ananas-dressing.webp;4;Port.;0;0;0;;;;;
355;Rosenkohl-Brokkoli-Bowl mit Beeren-Dressing;8;assets/images/recipes/rosenkohl-brokkoli-bowl_mit_beeren-dressing.webp;4;Port.;0;0;0;;;;;
356;Rotkohl-Grantapfel-Linsen-Bowl;8;assets/images/recipes/rotkohl-grantapfel-linsen-bowl.webp;4;Port.;0;0;0;;;;;
357;Sellerie-Beete-Bowl mit Bananen-Lauch-Dressing;8;assets/images/recipes/sellerie-beete-bowl_mit_bananen-lauch-dressing.webp;4;Port.;0;0;0;;;;;
358;Kartoffel-Möhren-Papaya-Bowl;8;assets/images/recipes/kartoffel-moehren-papaya-bowl.webp;4;Port.;0;0;0;;;;;
359;rote Beete-Granatapfel-Wirsing-Bowl;8;assets/images/recipes/rote_beete-granatapfel-wirsing-bowl.webp;4;Port.;0;0;0;;;;;
360;rote Beete-Sellerie-Chicoree-Bowl;8;assets/images/recipes/rote_beete-sellerie-chicoree-bowl.webp;4;Port.;0;0;0;;;;;
361;Schwarzkohl-Süßkartoffel-Rosenkohl-Bowl;8;assets/images/recipes/schwarzkohl-suesskartoffel-rosenkohl-bowl.webp;4;Port.;0;0;0;;;;;
362;Rotkohl-Süßkartoffel-Pastinaken-Bowl;8;assets/images/recipes/rotkohl-suesskartoffel-pastinaken-bowl.webp;4;Port.;0;0;0;;;;;
363;Rosenkohl-Granatapfel-Süßkartoffel-Bowl;8;assets/images/recipes/rosenkohl-granatapfel-suesskartoffel-bowl.webp;4;Port.;0;0;0;;;;;
364;Romanesco-Sellerie-rote Beete-Bowl;8;assets/images/recipes/romanesco-sellerie-rote_beete-bowl.webp;4;Port.;0;0;0;;;;;
365;rote Beete-Süßkartoffel-Chicoree-Bowl;8;assets/images/recipes/rote_beete-suesskartoffel-chicoree-bowl.webp;4;Port.;0;0;0;;;;;
366;Rotkohl-Rosenkohl-Süßkartoffel-Bowl;8;assets/images/recipes/rotkohl-rosenkohl-suesskartoffel-bowl.webp;4;Port.;0;0;0;;;;;
367;Schwarzkohl-Süßkartoffel-Granatapfel-Bowl;8;assets/images/recipes/schwarzkohl-suesskartoffel-granatapfel-bowl.webp;4;Port.;0;0;0;;;;;
368;Rotkohl-Blumenkohl-Möhren-Bowl;8;assets/images/recipes/rotkohl-blumenkohl-moehren-bowl.webp;4;Port.;0;0;0;;;;;
369;Süßkartoffel-Sellerie-Pastinaken-Bowl;8;assets/images/recipes/suesskartoffel-sellerie-pastinaken-bowl.webp;4;Port.;0;0;0;;;;;
370;Wirsing-Sellerie-Pastinaken-Bowl;8;assets/images/recipes/wirsing-sellerie-pastinaken-bowl.webp;4;Port.;0;0;0;;;;;
371;Kohl-Süßkartoffel-Granatapfel-Bowl;8;assets/images/recipes/kohl-suesskartoffel-granatapfel-bowl.webp;4;Port.;0;0;0;;;;;
372;Quinoa-Tempeh-Edamame-Bowl;8;assets/images/recipes/quinoa-tempeh-edamame-bowl.webp;4;Port.;0;0;0;;;;;
373;Sellerie-rote Beete-Rucola-Bowl;8;assets/images/recipes/sellerie-rote_beete-rucola-bowl.webp;4;Port.;0;0;0;;;;;
374;Rotkohl-Rucola-Kiwi-Bowl;8;assets/images/recipes/rotkohl-rucola-kiwi-bowl.webp;4;Port.;0;0;0;;;;;
375;Wirsing-rote Beete-Süßkartoffel-Bowl;8;assets/images/recipes/wirsing-rote_beete-suesskartoffel-bowl.webp;4;Port.;0;0;0;;;;;
376;Kichererbsen-Limetten-Sauce;9;assets/images/recipes/kichererbsen-limetten-sauce.webp;4;Port.;0;0;0;;;;;
377;Salsa-Sauce;9;assets/images/recipes/salsa-sauce.webp;4;Port.;0;0;0;;;;;
378;Cashew-Creme;9;assets/images/recipes/cashew-creme.webp;4;Port.;0;0;0;;;;;
379;Tahini-Zitronen-Dressing;9;assets/images/recipes/tahini-zitronen-dressing.webp;4;Port.;0;0;0;;;;;
380;Mango-Erdnuss-Sauce;9;assets/images/recipes/mango-erdnuss-sauce.webp;4;Port.;0;0;0;;;;;
381;goldene Kichererbsen-Soße;9;assets/images/recipes/goldene_kichererbsen-sosse.webp;4;Port.;0;0;0;;;;;
382;Kräuter-Soße;9;assets/images/recipes/kraeuter-sosse.webp;4;Port.;0;0;0;;;;;
383;cheesy Tomaten-Soße;9;assets/images/recipes/cheesy_tomaten-sosse.webp;4;Port.;0;0;0;;;;;
384;Bananen-Curry-Erdnuss-Sauce;9;assets/images/recipes/bananen-curry-erdnuss-sauce.webp;4;Port.;0;0;0;;;;;
385;gelbe Paprika-Bearnaise;9;assets/images/recipes/gelbe_paprika-bearnaise.webp;4;Port.;0;0;0;;;;;
386;Tahini-Dill-Dressing;9;assets/images/recipes/tahini-dill-dressing.webp;4;Port.;0;0;0;;;;;
387;Minze-Lauch-Dressing;9;assets/images/recipes/minze-lauch-dressing.webp;4;Port.;0;0;0;;;;;
388;Harissa;9;assets/images/recipes/harissa.webp;4;Port.;0;0;0;;;;;
389;Guacamole;9;assets/images/recipes/guacamole.webp;4;Port.;0;0;0;;;;;
390;Tomaten-Kreuzkümmel-Dressing;9;assets/images/recipes/tomaten-kreuzkuemmel-dressing.webp;4;Port.;0;0;0;;;;;
391;weiße Bohnen-Dip;9;assets/images/recipes/weisse_bohnen-dip.webp;4;Port.;0;0;0;;;;;
392;Kichererbsen-Avocado-Spinat-Dip;9;assets/images/recipes/kichererbsen-avocado-spinat-dip.webp;4;Port.;0;0;0;;;;;
393;Edamamole;9;assets/images/recipes/edamamole.webp;4;Port.;0;0;0;;;;;
394;Artischoken-Spinat-Dip;9;assets/images/recipes/artischoken-spinat-dip.webp;4;Port.;0;0;0;;;;;
395;Nicecream;10;assets/images/recipes/nicecream.webp;3;Port.;0;0;0;;;;;
396;Mango-Limetten-Himbeer-Kuchen;10;assets/images/recipes/mango-limetten-himbeer-kuchen.webp;6;Port.;0;0;0;;;;;
397;Beeren-Zitronen-Cheesecake;10;assets/images/recipes/beeren-zitronen-cheesecake.webp;6;Port.;0;0;0;;;;;
398;Brombeer-Vanille-Bananenkuchen;10;assets/images/recipes/brombeer-vanille-bananenkuchen.webp;6;Port.;0;0;0;;;;;
399;Papaya-Erdbeer-Kuchen;10;assets/images/recipes/papaya-erdbeer-kuchen.webp;6;Port.;0;0;0;;;;;
400;Zupfkuchen;10;assets/images/recipes/zupfkuchen.webp;6;Port.;0;0;0;;;;;
401;Pflaumen-Mandel-Bars;10;assets/images/recipes/pflaumen-mandel-bars.webp;6;Port.;0;0;0;;;;;
402;Nussbrownies;10;assets/images/recipes/nussbrownies.webp;6;Port.;0;0;0;;;;;
403;Kürbiskuchen mit Walnuss-Custard;10;assets/images/recipes/kuerbiskuchen_mit_walnuss-custard.webp;6;Port.;0;0;0;;;;;
404;Kürbisbrownies;10;assets/images/recipes/kuerbisbrownies.webp;6;Port.;0;0;0;;;;;
405;Mango-Granatapfel-Brownies;10;assets/images/recipes/mango-granatapfel-brownies.webp;6;Port.;0;0;0;;;;;
406;KiBa-Brownies;10;assets/images/recipes/kiba-brownies.webp;6;Port.;0;0;0;;;;;
407;Apfel-Haselnuss-Kuchen;10;assets/images/recipes/apfel-haselnuss-kuchen.webp;6;Port.;0;0;0;;;;;
408;Beeren Crumble;10;assets/images/recipes/beeren_crumble.webp;6;Port.;0;0;0;;;;;
409;Nuss-Törtchen;10;assets/images/recipes/nuss-toertchen.webp;8;Stk;0;0;0;;;;;
410;Hafer-Banane-Cookies;10;assets/images/recipes/hafer-banane-cookies.webp;6;Stk;0;0;0;;;;;
411;schwarze Bohnen-Cookies;10;assets/images/recipes/schwarze_bohnen-cookies.webp;8;Stk;0;0;0;;;;;
412;Goji-Erdbeer-Kürbiskern-Oatmeal;10;assets/images/recipes/goji-erdbeer-kuerbiskern-oatmeal.webp;3;Gl.;0;0;0;;;;;
413;Heidelbeeren-Bananen-Vanille-Oatmeal;10;assets/images/recipes/heidelbeeren-bananen-vanille-oatmeal.webp;3;Gl.;0;0;0;;;;;
414;Himbeer-Pflaumen-Soja-Oatmeal;10;assets/images/recipes/himbeer-pflaumen-soja-oatmeal.webp;3;Gl.;0;0;0;;;;;
415;Kirschen-Walnuss-Schoko-Oatmeal;10;assets/images/recipes/kirschen-walnuss-schoko-oatmeal.webp;3;Gl.;0;0;0;;;;;
416;Banane-Pekanuss-Zimt-Oatmeal;10;assets/images/recipes/banane-pekanuss-zimt-oatmeal.webp;3;Gl.;0;0;0;;;;;
417;Zimtrollen-Oatmeal;10;assets/images/recipes/zimtrollen-oatmeal.webp;3;Gl.;0;0;0;;;;;
418;Muffins mit Beeren;10;assets/images/recipes/muffins_mit_beeren.webp;8;Stk;0;0;0;;;;;
419;Himbeer-Power-Balls;10;assets/images/recipes/himbeer-power-balls.webp;50;Blch.;0;0;0;;;;;
420;Goji-Beeren-Balls;10;assets/images/recipes/goji-beeren-balls.webp;50;Blch.;0;0;0;;;;;
421;Hafer-Dattel-Vanille-Balls;10;assets/images/recipes/hafer-dattel-vanille-balls.webp;50;Blch.;0;0;0;;;;;
422;Mandel-Schoko-Vanille-Balls;10;assets/images/recipes/mandel-schoko-vanille-balls.webp;40;Blch.;0;0;0;;;;;
423;Kokos-Bällchen;10;assets/images/recipes/kokos-baellchen.webp;60;Blch.;0;0;0;;;;;
424;Vanille-Hafer-Walnuss-Cookies;10;assets/images/recipes/vanille-hafer-walnuss-cookies.webp;36;Stk;0;0;0;;;;;
425;Zimtsterne;10;assets/images/recipes/zimtsterne.webp;40;Stk;0;0;0;;;;;
426;Vanillegipferl;10;assets/images/recipes/vanillegipferl.webp;90;Stk;0;0;0;;;;;
427;Samen-Cracker;10;assets/images/recipes/samen-cracker.webp;30;Stk;0;0;0;;;;;
428;Hafer-Bananen-Riegel;10;assets/images/recipes/hafer-bananen-riegel.webp;10;Rgl.;0;0;0;;;;;
429;Heidelbeer-Mango-Gojibeeren-Bowl;10;assets/images/recipes/heidelbeer-mango-gojibeeren-bowl.webp;3;Port.;0;0;0;;;;;
430;Kürbis-Cranberry-Bowl;10;assets/images/recipes/kuerbis-cranberry-bowl.webp;3;Port.;0;0;0;;;;;
431;Heidelbeer-Mango-Bowl;10;assets/images/recipes/heidelbeer-mango-bowl.webp;3;Port.;0;0;0;;;;;
432;Kürbis-Bananen-Smoothie;10;assets/images/recipes/kuerbis-bananen-smoothie.webp;3;Port.;0;0;0;;;;;
433;Beeren-Spekulatius-Smoothie;10;assets/images/recipes/beeren-spekulatius-smoothie.webp;3;Port.;0;0;0;;;;;
